Date,Mean_Ice_Concentration_12km,DOY,Mean_Ice_Concentration_perc_12km,Mean_Ice_Concentration_perc_3km,Mean_Ice_Concentration_3km
2013-01-01,0.9953078556263272,0,99.5307855626327,99.1656734207389,0.991656734207389
2013-01-02,0.9891932059447984,1,98.91932059447984,97.8678320752218,0.978678320752218
2013-01-03,0.9935031847133756,2,99.35031847133756,97.7486425638988,0.977486425638988
2013-01-04,0.9673885350318472,3,96.73885350318471,94.6364719904648,0.946364719904648
2013-01-05,0.9480891719745224,4,94.80891719745225,92.822142762548,0.92822142762548
2013-01-06,0.9846709129511676,5,98.46709129511676,98.0267514236524,0.980267514236524
2013-01-07,0.9943736730360934,6,99.43736730360934,99.0994570255595,0.990994570255595
2013-01-08,0.9942887473460722,7,99.42887473460722,97.8545887961859,0.9785458879618589
2013-01-09,0.9781528662420382,8,97.81528662420382,96.3051251489868,0.963051251489868
2013-01-10,0.9011889596602972,9,90.11889596602973,93.3518739239835,0.9335187392398351
2013-01-11,0.9659023354564756,10,96.59023354564756,95.3913388955105,0.953913388955105
2013-01-12,0.9772611464968154,11,97.72611464968152,97.3381009137862,0.9733810091378621
2013-01-13,0.996135881104034,12,99.6135881104034,99.3378360482055,0.9933783604820551
2013-01-14,0.992823779193206,13,99.2823779193206,98.8345914448417,0.988345914448417
2013-01-15,0.991104033970276,14,99.1104033970276,98.8081048867699,0.988081048867699
2013-01-16,0.8970063694267516,15,89.70063694267516,89.2067275857502,0.892067275857502
2013-01-17,0.8289596602972399,16,82.895966029724,82.6910343000927,0.8269103430009269
2013-01-18,0.8467940552016985,17,84.67940552016985,89.2994305390014,0.892994305390014
2013-01-19,0.7553503184713375,18,75.53503184713375,78.2148059859621,0.782148059859621
2013-01-20,0.7593630573248408,19,75.93630573248407,80.0423784929148,0.8004237849291481
2013-01-21,0.7114012738853503,20,71.14012738853503,71.884518606807,0.71884518606807
2013-01-22,0.6598089171974522,21,65.98089171974522,68.7326181962653,0.687326181962653
2013-01-23,0.571656050955414,22,57.1656050955414,58.5220500595947,0.585220500595947
2013-01-24,0.5705307855626327,23,57.05307855626327,57.4361011786518,0.574361011786518
2013-01-25,0.6010191082802548,24,60.10191082802548,57.7274533174414,0.577274533174414
2013-01-26,0.6603609341825902,25,66.03609341825903,68.8120778704807,0.688120778704807
2013-01-27,0.7915498938428875,26,79.15498938428875,84.8364455039067,0.848364455039067
2013-01-28,0.891380042462845,27,89.1380042462845,95.5237716858694,0.9552377168586941
2013-01-29,0.9457749469214436,28,94.57749469214436,95.2324195470798,0.952324195470798
2013-01-30,0.967728237791932,29,96.7728237791932,97.4308038670374,0.974308038670374
2013-01-31,0.9850743099787684,30,98.50743099787684,98.3578333995497,0.9835783339954971
2013-02-01,0.9774734607218684,31,97.74734607218684,97.2718845186068,0.972718845186068
2013-02-02,0.8606369426751592,32,86.06369426751593,85.763475036419,0.8576347503641899
2013-02-03,0.835859872611465,33,83.5859872611465,83.7637399019997,0.837637399019997
2013-02-04,0.9198726114649682,34,91.98726114649682,91.4713283008873,0.9147132830088729
2013-02-05,0.9331847133757962,35,93.31847133757962,96.768639915243,0.96768639915243
2013-02-06,0.9388322717622082,36,93.8832271762208,93.5505231095219,0.935505231095219
2013-02-07,0.9400424628450108,37,94.00424628450106,92.1864653688253,0.921864653688253
2013-02-08,0.9350530785562632,38,93.50530785562631,97.9340484704012,0.9793404847040119
2013-02-09,0.944352441613588,39,94.4352441613588,97.7751291219706,0.9777512912197059
2013-02-10,0.9436730360934183,40,94.36730360934185,97.126208449212,0.97126208449212
2013-02-11,0.9626114649681528,41,96.26114649681529,97.8281022381141,0.978281022381141
2013-02-12,0.9775159235668788,42,97.7515923566879,97.7751291219706,0.9777512912197059
2013-02-13,0.9824416135881104,43,98.24416135881104,97.6426963316117,0.976426963316117
2013-02-14,0.98619957537155,44,98.619957537155,97.722156005827,0.97722156005827
2013-02-15,0.9977070063694268,45,99.77070063694268,99.3643226062773,0.993643226062773
2013-02-16,0.999447983014862,46,99.9447983014862,99.9735134419282,0.9997351344192821
2013-02-17,0.999511677282378,47,99.9511677282378,99.9072970467487,0.999072970467487
2013-02-18,0.9994267515923566,48,99.94267515923566,99.8940537677128,0.9989405376771281
2013-02-19,0.98828025477707,49,98.828025477707,98.5697258641239,0.9856972586412389
2013-02-20,0.9728874734607218,50,97.28874734607218,97.2718845186068,0.972718845186068
2013-02-21,0.9612101910828024,51,96.12101910828024,96.1859356376638,0.961859356376638
2013-02-22,0.9964543524416136,52,99.64543524416136,99.8940537677128,0.9989405376771281
2013-02-23,0.9941825902335456,53,99.41825902335457,99.5762150708515,0.995762150708515
2013-02-24,0.98619957537155,54,98.619957537155,98.198914051119,0.98198914051119
2013-02-25,0.9929087048832272,55,99.29087048832272,99.2981062110978,0.992981062110978
2013-02-26,0.9788535031847134,56,97.88535031847134,97.7751291219706,0.9777512912197059
2013-02-27,0.9815074309978769,57,98.15074309978768,97.9472917494371,0.979472917494371
2013-02-28,0.9825265392781316,58,98.25265392781316,98.5962124221957,0.9859621242219571
2013-03-01,0.966687898089172,59,96.6687898089172,96.9143159846378,0.969143159846378
2013-03-02,0.989808917197452,60,98.98089171974522,99.5762150708515,0.995762150708515
2013-03-03,0.998216560509554,61,99.8216560509554,99.7748642563898,0.9977486425638981
2013-03-04,0.991231422505308,62,99.1231422505308,99.0464839094159,0.9904648390941589
2013-03-05,0.992823779193206,63,99.2823779193206,99.3643226062773,0.993643226062773
2013-03-06,0.9909341825902336,64,99.09341825902337,99.03324063038,0.9903324063038
2013-03-07,0.9902547770700636,65,99.02547770700636,98.6624288173751,0.986624288173751
2013-03-08,0.9833545647558388,66,98.33545647558388,97.4440471460733,0.974440471460733
2013-03-09,0.9788110403397028,67,97.88110403397027,96.411071381274,0.9641107138127399
2013-03-10,0.9917409766454351,68,99.17409766454352,98.5035094689445,0.9850350946894451
2013-03-11,0.994819532908705,69,99.48195329087048,99.4305390014567,0.994305390014567
2013-03-12,0.9806581740976644,70,98.06581740976644,98.2651304462985,0.982651304462985
2013-03-13,0.9418259023354564,71,94.18259023354564,95.5502582439412,0.955502582439412
2013-03-14,0.9433545647558388,72,94.33545647558388,95.6297179181565,0.956297179181565
2013-03-15,0.9767728237791932,73,97.67728237791933,98.7418884915905,0.987418884915905
2013-03-16,0.9769639065817408,74,97.6963906581741,96.9672891007813,0.969672891007813
2013-03-17,0.9553290870488322,75,95.53290870488324,98.3313468414779,0.983313468414779
2013-03-18,0.9254777070063694,76,92.54777070063696,97.1394517282479,0.971394517282479
2013-03-19,0.8930573248407643,77,89.30573248407643,89.829161700437,0.89829161700437
2013-03-20,0.9047983014861996,78,90.47983014861995,95.5370149649053,0.955370149649053
2013-03-21,0.9428450106157112,79,94.28450106157112,97.8810753542577,0.9788107535425771
2013-03-22,0.9781316348195328,80,97.8131634819533,98.8743212819494,0.9887432128194941
2013-03-23,0.9793630573248407,81,97.93630573248409,98.2518871672626,0.982518871672626
2013-03-24,0.9839702760084924,82,98.39702760084926,99.3643226062773,0.993643226062773
2013-03-25,0.9879617834394904,83,98.79617834394904,98.3578333995497,0.9835783339954971
2013-03-26,0.978619957537155,84,97.8619957537155,97.364587471858,0.97364587471858
2013-03-27,0.9854140127388537,85,98.54140127388536,97.8545887961859,0.9785458879618589
2013-03-28,0.9708704883227176,86,97.08704883227176,96.2653953118792,0.962653953118792
2013-03-29,0.9644585987261146,87,96.44585987261146,95.9872864521255,0.959872864521255
2013-03-30,0.9654352441613588,88,96.54352441613588,96.1991789166997,0.9619917891669969
2013-03-31,0.958004246284501,89,95.8004246284501,95.4840418487617,0.954840418487617
2013-04-01,0.9647983014861996,90,96.47983014861995,96.5832340087405,0.965832340087405
2013-04-02,0.978216560509554,91,97.8216560509554,98.4240497947291,0.984240497947291
2013-04-03,0.9690021231422504,92,96.90021231422506,97.4970202622169,0.974970202622169
2013-04-04,0.9704033970276008,93,97.04033970276008,97.5235068202887,0.975235068202887
2013-04-05,0.8923354564755839,94,89.23354564755839,89.1007813534631,0.8910078135346311
2013-04-06,0.758407643312102,95,75.8407643312102,75.1688518077076,0.7516885180770759
2013-04-07,0.6801486199575372,96,68.01486199575372,67.7658588266454,0.677658588266454
2013-04-08,0.664755838641189,97,66.4755838641189,63.2896305125149,0.6328963051251489
2013-04-09,0.7545010615711253,98,75.45010615711253,75.0893921334922,0.7508939213349219
2013-04-10,0.8222292993630573,99,82.22292993630573,83.7637399019997,0.837637399019997
2013-04-11,0.893312101910828,100,89.3312101910828,90.6899748377698,0.9068997483776979
2013-04-12,0.8783651804670913,101,87.83651804670913,87.8823996821613,0.878823996821613
2013-04-13,0.8889384288747345,102,88.89384288747345,88.8359157727453,0.888359157727453
2013-04-14,0.875307855626327,103,87.5307855626327,88.6902397033505,0.886902397033505
2013-04-15,0.9108492569002123,104,91.08492569002124,91.2064627201695,0.912064627201695
2013-04-16,0.9539702760084926,105,95.39702760084926,97.1394517282479,0.971394517282479
2013-04-17,0.9653290870488322,106,96.53290870488324,96.6626936829559,0.966626936829559
2013-04-18,0.9811252653927812,107,98.11252653927814,97.9075619123294,0.979075619123294
2013-04-19,0.9856050955414012,108,98.56050955414013,98.3048602834061,0.983048602834061
2013-04-20,0.9939065817409768,109,99.39065817409768,99.4967553966362,0.994967553966362
2013-04-21,0.996008492569002,110,99.60084925690022,99.880810488677,0.99880810488677
2013-04-22,0.9975159235668788,111,99.7515923566879,99.9337836048205,0.999337836048205
2013-04-23,0.996751592356688,112,99.6751592356688,99.7086478612104,0.997086478612104
2013-04-24,0.9957537154989384,113,99.57537154989384,99.5099986756721,0.995099986756721
2013-04-25,0.9898513800424628,114,98.98513800424628,99.0729704674877,0.9907297046748771
2013-04-26,0.9565605095541402,115,95.65605095541402,95.3913388955105,0.953913388955105
2013-04-27,0.9548407643312102,116,95.48407643312102,95.2456628261157,0.9524566282611571
2013-04-28,0.9739065817409768,117,97.39065817409768,97.245397960535,0.97245397960535
2013-04-29,0.96067940552017,118,96.067940552017,95.7224208714077,0.9572242087140771
2013-04-30,0.9772611464968154,119,97.72611464968152,98.2386438882267,0.9823864388822671
2013-05-01,0.9655414012738852,120,96.55414012738854,98.7551317706264,0.987551317706264
2013-05-02,0.957176220806794,121,95.7176220806794,95.6032313600847,0.9560323136008471
2013-05-03,0.9607855626326964,122,96.07855626326965,95.0602569196133,0.950602569196133
2013-05-04,0.9785350318471338,123,97.85350318471338,97.9340484704012,0.9793404847040119
2013-05-05,0.990424628450106,124,99.04246284501062,98.7816183286981,0.9878161832869811
2013-05-06,0.9853290870488324,125,98.53290870488324,97.84134551715,0.9784134551715
2013-05-07,0.9711677282377918,126,97.1167728237792,96.2389087538074,0.962389087538074
2013-05-08,0.9664755838641188,127,96.64755838641187,94.4775526420341,0.944775526420341
2013-05-09,0.973312101910828,128,97.3312101910828,97.0732353330684,0.970732353330684
2013-05-10,0.9486624203821656,129,94.86624203821655,92.7956562044762,0.9279565620447621
2013-05-14,0.9486624203821656,130,94.86624203821655,92.7956562044762,0.9279565620447621
2013-05-15,0.9403184713375796,131,94.03184713375796,92.7956562044762,0.9279565620447621
2013-05-16,0.9659447983014862,132,96.5944798301486,92.7956562044762,0.9279565620447621
2013-05-17,0.8758174097664544,133,87.58174097664543,92.7956562044762,0.9279565620447621
2013-05-18,0.8725265392781316,134,87.25265392781316,92.8353860415839,0.928353860415839
2013-05-19,0.8742462845010616,135,87.42462845010616,93.656469341809,0.93656469341809
2013-05-20,0.862271762208068,136,86.2271762208068,85.9886107800291,0.8598861078002911
2013-05-21,0.829447983014862,137,82.9447983014862,89.2464574228579,0.892464574228579
2013-05-22,0.8133545647558387,138,81.33545647558387,88.7432128194941,0.887432128194941
2013-05-23,0.7626751592356688,139,76.26751592356688,86.9288835915772,0.869288835915772
2013-05-24,0.7040764331210191,140,70.40764331210191,82.293735929016,0.82293735929016
2013-05-25,0.6387048832271762,141,63.87048832271762,83.128062508277,0.83128062508277
2013-05-26,0.5561571125265393,142,55.61571125265393,74.877499668918,0.74877499668918
2013-05-27,0.5772611464968153,143,57.72611464968153,70.9442457952589,0.709442457952589
2013-05-28,0.5746709129511678,144,57.467091295116774,63.1042246060124,0.631042246060124
2013-05-29,0.5374946921443737,145,53.74946921443737,54.7344722553304,0.547344722553304
2013-05-30,0.5397664543524416,146,53.97664543524416,65.7263938551185,0.657263938551185
2013-05-31,0.527728237791932,147,52.7728237791932,60.3363792875115,0.603363792875115
2013-06-01,0.5054140127388534,148,50.54140127388535,62.6274665607204,0.626274665607204
2013-06-02,0.4794267515923567,149,47.94267515923567,62.4420606542179,0.624420606542179
2013-06-03,0.471380042462845,150,47.1380042462845,60.0715137067938,0.600715137067938
2013-06-04,0.4749893842887474,151,47.49893842887474,57.290425109257,0.57290425109257
2013-06-05,0.4292144373673036,152,42.92144373673036,58.3498874321282,0.583498874321282
2013-06-06,0.3985138004246284,153,39.85138004246284,50.7879751026354,0.507879751026354
2013-06-07,0.4528450106157112,154,45.28450106157113,53.4101443517414,0.5341014435174141
2013-06-08,0.4250530785562633,155,42.50530785562633,50.112567871805,0.50112567871805
2013-06-09,0.4637791932059448,156,46.37791932059448,42.5506555423122,0.425506555423122
2013-06-10,0.4243736730360934,157,42.43736730360934,52.6817640047675,0.5268176400476751
2013-06-11,0.415859872611465,158,41.5859872611465,50.8012183816713,0.508012183816713
2013-06-12,0.3737579617834394,159,37.37579617834395,51.185273473712,0.51185273473712
2013-06-13,0.2765605095541401,160,27.656050955414013,54.8801483247252,0.548801483247252
2013-06-14,0.2392144373673036,161,23.92144373673036,52.0990597271884,0.520990597271884
2013-06-15,0.2506369426751592,162,25.063694267515924,38.7895642961197,0.387895642961197
2013-06-16,0.2324416135881104,163,23.24416135881104,26.9368295589988,0.269368295589988
2013-06-17,0.2204670912951167,164,22.046709129511676,24.5530393325387,0.24553039332538698
2013-06-18,0.2144373673036093,165,21.443736730360936,29.9827837372533,0.299827837372533
2013-06-19,0.2004033970276008,166,20.04033970276009,31.3733280360217,0.313733280360217
2013-06-20,0.2136518046709129,167,21.365180467091296,27.7711561382598,0.277711561382598
2013-06-21,0.2364968152866242,168,23.64968152866242,25.6389882134816,0.256389882134816
2013-06-22,0.235796178343949,169,23.579617834394902,23.67898291617,0.2367898291617
2013-06-23,0.1967940552016985,170,19.67940552016985,24.274930472785,0.24274930472785003
2013-06-24,0.1732908704883227,171,17.32908704883227,23.4008740564163,0.234008740564163
2013-06-25,0.1154777070063694,172,11.547770700636942,27.148722023573,0.27148722023573
2013-06-26,0.0829511677282377,173,8.295116772823778,20.1430274135876,0.201430274135876
2013-06-27,0.049936305732484,174,4.993630573248407,13.2035491987816,0.132035491987816
2013-06-28,0.03552016985138,175,3.552016985138004,23.1227651966626,0.23122765196662598
2013-06-29,0.0286199575371549,176,2.8619957537154987,16.024367633426,0.16024367633425998
2013-06-30,0.0144798301486199,177,1.4479830148619957,5.64163686928883,0.056416368692888304
2013-07-01,0.0159872611464968,178,1.5987261146496816,4.86028340617136,0.0486028340617136
2013-07-02,0.0080679405520169,179,0.8067940552016986,3.5756853396901,0.035756853396901
2013-07-03,0.0105307855626326,180,1.0530785562632696,6.10515163554496,0.0610515163554496
2013-07-04,0.0098301486199575,181,0.9830148619957536,7.46920937624155,0.0746920937624155
2013-07-05,0.0033970276008492,182,0.3397027600849256,6.51569328565752,0.0651569328565752
2013-07-06,0.0103821656050955,183,1.038216560509554,3.73460468812077,0.037346046881207705
2013-07-07,0.0077070063694267,184,0.7707006369426752,2.70162892332141,0.0270162892332141
2013-07-08,0.0032484076433121,185,0.3248407643312102,3.56244206065421,0.0356244206065421
2013-07-09,0.0038004246284501,186,0.3800424628450106,4.86028340617136,0.0486028340617136
2013-07-10,0.008004246284501,187,0.8004246284501062,3.77433452522844,0.0377433452522844
2013-07-11,0.0047770700636942,188,0.4777070063694267,3.53595550258243,0.0353595550258243
2013-07-12,0.002484076433121,189,0.2484076433121019,3.80082108330022,0.0380082108330022
2013-07-13,0.0007430997876857,190,0.0743099787685774,2.68838564428552,0.026883856442855198
2013-07-14,0.0,191,0.0,2.4632499006754,0.024632499006754
2013-07-15,0.0064118895966029,192,0.6411889596602972,5.0589325917097,0.050589325917097
2013-07-16,0.0087261146496815,193,0.8726114649681529,5.17812210303271,0.0517812210303271
2013-07-17,0.0071549893842887,194,0.7154989384288747,4.14514633823334,0.0414514633823334
2013-07-18,0.0068365180467091,195,0.6836518046709129,2.27784399417295,0.0227784399417295
2013-07-19,0.00552016985138,196,0.5520169851380042,1.96000529731161,0.0196000529731161
2013-07-20,0.0,197,0.0,2.01297841345517,0.0201297841345517
2013-07-21,0.0,198,0.0,1.73486955370149,0.0173486955370149
2013-07-22,0.0067091295116772,199,0.6709129511677282,2.17189776188584,0.021718977618858402
2013-07-23,0.0066666666666666,200,0.6666666666666666,2.68838564428552,0.026883856442855198
2013-07-24,0.0015286624203821,201,0.1528662420382165,1.78784266984505,0.0178784266984505
2013-07-25,0.0,202,0.0,1.69513971659382,0.0169513971659382
2013-07-26,0.0,203,0.0,1.43027413587604,0.0143027413587604
2013-07-27,0.0,204,0.0,2.4632499006754,0.024632499006754
2013-07-28,0.0,205,0.0,3.60217189776188,0.0360217189776188
2013-07-29,0.0,206,0.0,1.78784266984505,0.0178784266984505
2013-07-30,0.0,207,0.0,2.88703482982386,0.0288703482982386
2013-07-31,0.0,208,0.0,2.64865580717785,0.0264865580717785
2013-08-01,0.0,209,0.0,0.807840021189246,0.00807840021189246
2013-08-02,0.0,210,0.0,1.40378757780426,0.014037875778042599
2013-08-03,0.0,211,0.0,1.08594888094292,0.010859488809429201
2013-08-04,0.0,212,0.0,1.69513971659382,0.0169513971659382
2013-08-05,0.0,213,0.0,2.82081843464441,0.0282081843464441
2013-08-06,0.0,214,0.0,1.33757118262481,0.0133757118262481
2013-08-07,0.0,215,0.0,0.768110184081578,0.007681101840815781
2013-08-08,0.0,216,0.0,2.02622169249106,0.020262216924910603
2013-08-09,0.0,217,0.0,1.36405774069659,0.0136405774069659
2013-08-09,0.0,218,0.0,1.29784134551715,0.0129784134551715
2013-08-10,0.0110191082802547,219,1.1019108280254777,2.4632499006754,0.024632499006754
2013-08-11,0.0136942675159235,220,1.3694267515923566,0.701893788902132,0.00701893788902132
2013-08-12,0.0154352441613588,221,1.5435244161358812,2.80757515560852,0.028075751556085198
2013-08-13,0.0142462845010615,222,1.424628450106157,3.66838829294133,0.0366838829294133
2013-08-14,0.0,223,0.0,2.9664945040392,0.029664945040392
2013-08-15,0.0,224,0.0,3.19163024764931,0.0319163024764931
2013-08-16,0.0,225,0.0,2.01297841345517,0.0201297841345517
2013-08-17,0.0,226,0.0,3.62865845583366,0.036286584558336596
2013-08-18,0.0,227,0.0,1.65540987948616,0.0165540987948616
2013-08-19,0.0,228,0.0,0.940272811548139,0.009402728115481391
2013-08-20,0.0,229,0.0,1.45676069394782,0.014567606939478199
2013-08-21,0.0,230,0.0,3.5756853396901,0.035756853396901
2013-08-22,0.0,231,0.0,3.99947026883856,0.0399947026883856
2013-08-23,0.0,232,0.0,2.13216792477817,0.0213216792477817
2013-08-24,0.0,233,0.0,2.13216792477817,0.0213216792477817
2013-08-25,0.0,234,0.0,0.516487882399682,0.00516487882399682
2013-08-26,0.0,235,0.0,2.03946497152695,0.0203946497152695
2013-08-27,0.0,236,0.0,2.52946629585485,0.0252946629585485
2013-08-28,0.0,237,0.0,1.98649185538339,0.019864918553833898
2013-08-29,0.0,238,0.0,1.17865183419414,0.011786518341941402
2013-08-30,0.0,239,0.0,0.993245927691696,0.00993245927691696
2013-09-01,0.0,240,0.0,1.21838167130181,0.012183816713018101
2013-09-02,0.0,241,0.0,1.29784134551715,0.0129784134551715
2013-09-03,0.016348195329087,242,1.634819532908705,3.946497152695,0.03946497152695
2013-09-04,0.0073036093418259,243,0.7303609341825902,2.13216792477817,0.0213216792477817
2013-09-05,0.0110828025477707,244,1.10828025477707,3.53595550258243,0.0353595550258243
2013-09-06,0.0307006369426751,245,3.070063694267516,6.46272016951397,0.0646272016951397
2013-09-07,0.0192781316348195,246,1.9278131634819533,2.95325122500331,0.029532512250033102
2013-09-08,0.0129936305732484,247,1.2993630573248407,2.67514236524963,0.026751423652496296
2013-09-09,0.0125265392781316,248,1.2526539278131634,3.0856840153622,0.030856840153622
2013-09-10,0.0215286624203821,249,2.1528662420382165,2.47649317971129,0.0247649317971129
2013-09-11,0.0234607218683651,250,2.346072186836518,3.13865713150576,0.0313865713150576
2013-09-12,0.0248195329087048,251,2.4819532908704884,2.78108859753675,0.0278108859753675
2013-09-13,0.0274946921443736,252,2.7494692144373674,3.85379419944378,0.0385379419944378
2013-09-14,0.0488959660297239,253,4.889596602972399,4.83379684809959,0.0483379684809959
2013-09-15,0.0576857749469214,254,5.768577494692145,5.3105548933916,0.053105548933915996
2013-09-16,0.0878343949044586,255,8.78343949044586,6.01244868229373,0.0601244868229373
2013-09-17,0.0833757961783439,256,8.337579617834395,5.39001456760693,0.0539001456760693
2013-09-18,0.0987048832271762,257,9.87048832271762,8.97894318633293,0.0897894318633293
2013-09-19,0.1161358811040339,258,11.613588110403397,10.1708382995629,0.10170838299562901
2013-09-20,0.1301273885350318,259,13.012738853503183,8.56840153622037,0.08568401536220369
2013-09-21,0.1484076433121019,260,14.840764331210192,9.70732353330684,0.09707323533306839
2013-09-22,0.1547770700636942,261,15.477707006369426,11.5878691564031,0.115878691564031
2013-09-23,0.1565817409766454,262,15.658174097664544,12.7267911534896,0.127267911534896
2013-09-24,0.161316348195329,263,16.13163481953291,14.4616607071911,0.144616607071911
2013-09-25,0.1864755838641189,264,18.64755838641189,16.3157197722156,0.163157197722156
2013-09-26,0.197728237791932,265,19.772823779193207,20.2357303668388,0.202357303668388
2013-09-27,0.2035244161358811,266,20.35244161358811,18.9378890213216,0.189378890213216
2013-09-28,0.2153503184713376,267,21.53503184713376,20.4211362733412,0.204211362733412
2013-09-29,0.2087261146496815,268,20.872611464968152,24.0762812872467,0.240762812872467
2013-09-30,0.2358386411889596,269,23.583864118895967,24.9503377036154,0.249503377036154
2013-10-01,0.2557112526539278,270,25.57112526539278,26.7249370944245,0.267249370944245
2013-10-02,0.2414225053078556,271,24.142250530785564,19.7854588796185,0.197854588796185
2013-10-03,0.2425690021231422,272,24.256900212314225,23.2816845450933,0.23281684545093298
2013-10-04,0.2595541401273885,273,25.955414012738853,27.0162892332141,0.27016289233214097
2013-10-05,0.2830573248407643,274,28.305732484076433,24.5530393325387,0.24553039332538698
2013-10-06,0.3077070063694267,275,30.77070063694267,23.5465501258111,0.23546550125811097
2013-10-07,0.3331847133757961,276,33.318471337579616,26.3806118394914,0.263806118394914
2013-10-08,0.3384501061571125,277,33.84501061571125,27.4665607204343,0.27466560720434297
2013-10-09,0.3590445859872611,278,35.904458598726116,28.6849423917361,0.286849423917361
2013-10-10,0.3473885350318471,279,34.738853503184714,35.9025294662958,0.359025294662958
2013-10-11,0.3648619957537155,280,36.48619957537155,34.7768507482452,0.347768507482452
2013-10-12,0.3193842887473461,281,31.93842887473461,35.0152297708912,0.35015229770891204
2013-10-13,0.2903609341825902,282,29.036093418259025,32.9360349622566,0.329360349622566
2013-10-14,0.2837367303609341,283,28.373673036093415,35.1476625612501,0.35147662561250104
2013-10-15,0.2788535031847134,284,27.88535031847134,32.9360349622566,0.329360349622566
2013-10-16,0.2464968152866242,285,24.64968152866242,31.9163024764931,0.319163024764931
2013-10-17,0.2357112526539278,286,23.57112526539278,32.3798172427493,0.323798172427493
2013-10-18,0.2489808917197452,287,24.89808917197452,30.5390014567606,0.305390014567606
2013-10-19,0.2425477707006369,288,24.254777070063696,30.976029664945,0.30976029664945
2013-10-20,0.2555414012738853,289,25.554140127388536,27.8241292544033,0.278241292544033
2013-10-21,0.2906369426751592,290,29.063694267515924,27.7843994172957,0.27784399417295697
2013-10-22,0.3756475583864119,291,37.56475583864119,27.5725069527214,0.275725069527214
2013-10-23,0.4887898089171974,292,48.87898089171974,27.6652099059727,0.276652099059727
2013-10-24,0.5745222929936306,293,57.452229299363054,32.6181962653953,0.326181962653953
2013-10-25,0.4990445859872611,294,49.90445859872611,37.1738842537412,0.371738842537412
2013-10-26,0.564755838641189,295,56.475583864118896,46.404449741756,0.46404449741756
2013-10-27,0.6254564755838641,296,62.54564755838641,62.7863859091511,0.627863859091511
2013-10-28,0.5952016985138004,297,59.52016985138004,60.9323268441266,0.6093232684412659
2013-10-29,0.569723991507431,298,56.9723991507431,62.4817904913256,0.624817904913256
2013-10-30,0.6257112526539278,299,62.57112526539278,62.8526023043305,0.6285260230433051
2013-10-31,0.6776645435244162,300,67.76645435244161,60.045027148722,0.60045027148722
2013-11-01,0.7473885350318471,301,74.73885350318471,55.0655542312276,0.550655542312276
2013-11-02,0.8786411889596603,302,87.86411889596603,58.3763739901999,0.583763739901999
2013-11-03,0.8782590233545647,303,87.82590233545648,63.8590915110581,0.638590915110581
2013-11-04,0.7631847133757962,304,76.31847133757962,72.4672228843861,0.7246722288438611
2013-11-05,0.8570912951167727,305,85.70912951167728,86.4521255462852,0.8645212554628521
2013-11-06,0.8692569002123142,306,86.92569002123142,86.8759104754337,0.868759104754337
2013-11-07,0.9178131634819532,307,91.78131634819532,73.3545225797907,0.7335452257979069
2013-11-08,0.9479617834394904,308,94.79617834394904,82.5586015097338,0.8255860150973381
2013-11-09,0.9638216560509554,309,96.38216560509554,81.9494106740829,0.819494106740829
2013-11-10,0.9759235668789809,310,97.59235668789808,91.8421401138922,0.918421401138922
2013-11-11,0.9628662420382166,311,96.28662420382166,93.29890080784,0.9329890080784
2013-11-12,0.9720169851380044,312,97.20169851380042,95.934313335982,0.95934313335982
2013-11-13,0.9727388535031848,313,97.27388535031848,98.6094557012316,0.986094557012316
2013-11-14,0.9649469214437368,314,96.49469214437369,94.2259303403522,0.942259303403522
2013-11-15,0.9621019108280257,315,96.21019108280257,97.4308038670374,0.974308038670374
2013-11-16,0.983864118895966,316,98.3864118895966,99.6291881869951,0.996291881869951
2013-11-17,0.9878343949044586,317,98.78343949044586,97.6691828896834,0.976691828896834
2013-11-18,0.9672186836518047,318,96.72186836518048,96.7818831942789,0.9678188319427891
2013-11-19,0.9314649681528664,319,93.14649681528662,98.6226989802675,0.986226989802675
2013-11-20,0.9431210191082802,320,94.31210191082802,99.2054032578466,0.992054032578466
2013-11-21,0.976072186836518,321,97.6072186836518,97.2189114024632,0.972189114024632
2013-11-22,0.9910615711252656,322,99.10615711252656,94.0272811548139,0.940272811548139
2013-11-23,0.9918259023354564,323,99.18259023354564,92.8088994835121,0.9280889948351211
2013-11-24,0.9909129511677284,324,99.09129511677284,97.5367500993245,0.975367500993245
2013-11-25,0.9330573248407644,325,93.30573248407644,99.1789166997748,0.991789166997748
2013-11-26,0.8154352441613588,326,81.54352441613588,99.2848629320619,0.992848629320619
2013-11-27,0.7840976645435244,327,78.40976645435244,99.2451330949543,0.992451330949543
2013-11-28,0.8769002123142251,328,87.6900212314225,94.0272811548139,0.940272811548139
2013-11-29,0.8992144373673037,329,89.92144373673037,80.9561647463912,0.8095616474639119
2013-11-30,0.4351380042462845,330,43.51380042462845,79.5126473314792,0.795126473314792
2013-12-01,0.4367515923566878,331,43.67515923566879,85.5515825718447,0.8555158257184471
2013-12-02,0.5805307855626327,332,58.05307855626327,88.4783472387763,0.8847834723877629
2013-12-03,0.620552016985138,333,62.0552016985138,49.1458085021851,0.49145808502185095
2013-12-04,0.7721231422505308,334,77.21231422505308,35.4390147000397,0.354390147000397
2013-12-05,0.874692144373673,335,87.4692144373673,57.4493444576877,0.574493444576877
2013-12-06,0.9595966029723992,336,95.95966029723992,66.3488279698053,0.663488279698053
2013-12-07,0.9835456475583864,337,98.35456475583864,76.6520990597271,0.7665209905972711
2013-12-08,0.9557749469214436,338,95.57749469214436,88.4783472387763,0.8847834723877629
2013-12-09,0.9615498938428876,339,96.15498938428875,96.1462058005562,0.9614620580055621
2013-12-10,0.9885138004246286,340,98.85138004246284,97.3116143557144,0.9731161435571439
2013-12-11,0.9863694267515924,341,98.63694267515925,94.6894451066083,0.946894451066083
2013-12-12,0.968004246284501,342,96.8004246284501,94.2391736193881,0.942391736193881
2013-12-13,0.9619745222929936,343,96.19745222929936,96.5567474506688,0.9655674745066879
2013-12-14,0.8689384288747345,344,86.89384288747345,95.9078267779102,0.959078267779102
2013-12-15,0.7828662420382166,345,78.28662420382166,95.8151238246589,0.958151238246589
2013-12-16,0.7854564755838641,346,78.5456475583864,93.7624155740961,0.9376241557409609
2013-12-17,0.8192356687898089,347,81.92356687898089,85.7502317573831,0.857502317573831
2013-12-18,0.8848832271762208,348,88.48832271762208,79.0491325652231,0.790491325652231
2013-12-19,0.9553503184713376,349,95.53503184713377,81.1945437690372,0.811945437690372
2013-12-20,0.95723991507431,350,95.723991507431,85.1940140378757,0.851940140378757
2013-12-21,0.973864118895966,351,97.3864118895966,88.6902397033505,0.886902397033505
2013-12-22,0.9939065817409768,352,99.39065817409768,97.3248576347503,0.9732485763475031
2013-12-23,0.9918471337579616,353,99.18471337579618,96.8216130313865,0.968216130313865
2013-12-24,0.9940339702760084,354,99.40339702760085,96.9672891007813,0.969672891007813
2013-12-25,0.9919108280254776,355,99.19108280254775,98.7816183286981,0.9878161832869811
2013-12-26,0.9931634819532908,356,99.31634819532908,99.0464839094159,0.9904648390941589
2013-12-27,0.9895541401273884,357,98.95541401273886,99.2318898159184,0.992318898159184
2013-12-28,0.989171974522293,358,98.9171974522293,98.8478347238776,0.9884783472387759
2013-12-29,0.9725477707006368,359,97.2547770700637,98.6359422593034,0.9863594225930341
2013-12-30,0.9637367303609342,360,96.37367303609342,99.03324063038,0.9903324063038
2013-12-31,0.9634607218683652,361,96.34607218683652,99.1127003045954,0.991127003045954
2014-01-01,0.9513375796178344,362,95.13375796178345,97.4572904251092,0.9745729042510921
2014-01-01,0.9513375796178344,363,95.13375796178345,96.3183684280227,0.9631836842802269
2014-01-01,0.9513375796178344,364,95.13375796178345,95.6429611971924,0.9564296119719241
